{"_runtime":1309,"_timestamp":1.778751672907234e+09,"_step":4,"val_ssim":0.8878409012504246,"val_csi":0.9789386070292929,"train_loss":0.0006607125022103758,"val_loss":0.0006056887129291326,"epoch":5,"_wandb":{"runtime":1309}}