{"epoch":10,"val_ssim":0.8795977594523594,"train_loss":0.0005630388809514662,"val_csi":0.9854800875844627,"val_loss":0.0006182611932986062,"_step":9,"_wandb":{"runtime":2706},"_runtime":2706,"_timestamp":1.7787566287114573e+09}