{"_wandb":{"runtime":1375},"_step":4,"epoch":5,"val_ssim":0.8136215477154173,"val_csi":0.977456069198148,"_timestamp":1.7787536829721484e+09,"train_loss":0.0012035063524209794,"val_loss":0.0011908323815140616,"_runtime":1375}